date,tygiausd_grey_buy,tygiausd_grey_sell,tygiausd_sbv_central,tygiausd_vcb_buy,tygiausd_vcb_sell,tygiachoden_buy,tygiachoden_sell,chogia_buy,chogia_sell,vietnambiz_buy,vietnambiz_sell,binance_p2p_buy,binance_p2p_sell,coingecko_usdt_vnd,official_usd_vnd,grey_premium_pct,updated_at,source_notes
2025-03-25,,,,,,,,,,,,,,25645.43,,,2026-03-24T16:49:00.874167,
2025-03-26,,,,,,,,,,,,,,25625.63,,,2026-03-24T16:49:00.878534,
2025-03-27,,,,,,,,,,,,,,25622.05,,,2026-03-24T16:49:00.881547,
2025-03-28,,,,,,,,,,,,,,25568.95,,,2026-03-24T16:49:00.884864,
2025-03-29,,,,,,,,,,,,,,25563.08,,,2026-03-24T16:49:00.887559,
2025-03-30,,,,,,,,,,,,,,25567.07,,,2026-03-24T16:49:00.890311,
2025-03-31,,,,,,,,,,,,,,25570.06,,,2026-03-24T16:49:00.893285,
2025-04-01,,,,,,,,,,,,,,25570.33,,,2026-03-24T16:49:00.895946,
2025-04-02,,,,,,,,,,,,,,25634.01,,,2026-03-24T16:49:00.897903,
2025-04-03,,,,,,,,,,,,,,25625.2,,,2026-03-24T16:49:00.899920,
2025-04-04,,,,,,,,,,,,,,25795.41,,,2026-03-24T16:49:00.901880,
2025-04-05,,,,,,,,,,,,,,25797.34,,,2026-03-24T16:49:00.903812,
2025-04-06,,,,,,,,,,,,,,25796.26,,,2026-03-24T16:49:00.905759,
2025-04-07,,,,,,,,,,,,,,25783.76,,,2026-03-24T16:49:00.907768,
2025-04-08,,,,,,,,,,,,,,25795.87,,,2026-03-24T16:49:00.909783,
2025-04-09,,,,,,,,,,,,,,25989.77,,,2026-03-24T16:49:00.913129,
2025-04-10,,,,,,,,,,,,,,25984.76,,,2026-03-24T16:49:00.914921,
2025-04-11,,,,,,,,,,,,,,25751.49,,,2026-03-24T16:49:00.916755,
2025-04-12,,,,,,,,,,,,,,25744.57,,,2026-03-24T16:49:00.918612,
2025-04-13,,,,,,,,,,,,,,25753.97,,,2026-03-24T16:49:00.920445,
2025-04-14,,,,,,,,,,,,,,25749.26,,,2026-03-24T16:49:00.922291,
2025-04-15,,,,,,,,,,,,,,25828.06,,,2026-03-24T16:49:00.924251,
2025-04-16,,,,,,,,,,,,,,25820.28,,,2026-03-24T16:49:00.926151,
2025-04-17,,,,,,,,,,,,,,25843.21,,,2026-03-24T16:49:00.927952,
2025-04-18,,,,,,,,,,,,,,25886.78,,,2026-03-24T16:49:00.929780,
2025-04-19,,,,,,,,,,,,,,25882.63,,,2026-03-24T16:49:00.931615,
2025-04-20,,,,,,,,,,,,,,25884.25,,,2026-03-24T16:49:00.933404,
2025-04-21,,,,,,,,,,,,,,25886.0,,,2026-03-24T16:49:00.935233,
2025-04-22,,,,,,,,,,,,,,25881.25,,,2026-03-24T16:49:00.937105,
2025-04-23,,,,,,,,,,,,,,25977.32,,,2026-03-24T16:49:00.938943,
2025-04-24,,,,,,,,,,,,,,26011.06,,,2026-03-24T16:49:00.940830,
2025-04-25,,,,,,,,,,,,,,26040.38,,,2026-03-24T16:49:00.942878,
2025-04-26,,,,,,,,,,,,,,26037.24,,,2026-03-24T16:49:00.944764,
2025-04-27,,,,,,,,,,,,,,26029.79,,,2026-03-24T16:49:00.946590,
2025-04-28,,,,,,,,,,,,,,26030.02,,,2026-03-24T16:49:00.948685,
2025-04-29,,,,,,,,,,,,,,26003.42,,,2026-03-24T16:49:00.950504,
2025-04-30,,,,,,,,,,,,,,26012.06,,,2026-03-24T16:49:00.952368,
2025-05-01,,,,,,,,,,,,,,26007.22,,,2026-03-24T16:49:00.954239,
2025-05-02,,,,,,,,,,,,,,26012.55,,,2026-03-24T16:49:00.956129,
2025-05-03,,,,,,,,,,,,,,26014.67,,,2026-03-24T16:49:00.957964,
2025-05-04,,,,,,,,,,,,,,26010.96,,,2026-03-24T16:49:00.959821,
2025-05-05,,,,,,,,,,,,,,26003.21,,,2026-03-24T16:49:00.961641,
2025-05-06,,,,,,,,,,,,,,25951.7,,,2026-03-24T16:49:00.963429,
2025-05-07,,,,,,,,,,,,,,25967.48,,,2026-03-24T16:49:00.965272,
2025-05-08,,,,,,,,,,,,,,25961.88,,,2026-03-24T16:49:00.967197,
2025-05-09,,,,,,,,,,,,,,25961.75,,,2026-03-24T16:49:00.969013,
2025-05-10,,,,,,,,,,,,,,25966.75,,,2026-03-24T16:49:00.970882,
2025-05-11,,,,,,,,,,,,,,25967.19,,,2026-03-24T16:49:00.972738,
2025-05-12,,,,,,,,,,,,,,25984.56,,,2026-03-24T16:49:00.974616,
2025-05-13,,,,,,,,,,,,,,25971.77,,,2026-03-24T16:49:00.976424,
2025-05-14,,,,,,,,,,,,,,25960.43,,,2026-03-24T16:49:00.978275,
2025-05-15,,,,,,,,,,,,,,25942.24,,,2026-03-24T16:49:00.980170,
2025-05-16,,,,,,,,,,,,,,25950.56,,,2026-03-24T16:49:00.982038,
2025-05-17,,,,,,,,,,,,,,25927.09,,,2026-03-24T16:49:00.983918,
2025-05-18,,,,,,,,,,,,,,25929.37,,,2026-03-24T16:49:00.985796,
2025-05-19,,,,,,,,,,,,,,25931.56,,,2026-03-24T16:49:00.987617,
2025-05-20,,,,,,,,,,,,,,25953.77,,,2026-03-24T16:49:00.989483,
2025-05-21,,,,,,,,,,,,,,25967.19,,,2026-03-24T16:49:00.991372,
2025-05-22,,,,,,,,,,,,,,25980.08,,,2026-03-24T16:49:00.993180,
2025-05-23,,,,,,,,,,,,,,25981.78,,,2026-03-24T16:49:00.995046,
2025-05-24,,,,,,,,,,,,,,25956.19,,,2026-03-24T16:49:00.996890,
2025-05-25,,,,,,,,,,,,,,25959.05,,,2026-03-24T16:49:00.999485,
2025-05-26,,,,,,,,,,,,,,25962.67,,,2026-03-24T16:49:01.001505,
2025-05-27,,,,,,,,,,,,,,25920.3,,,2026-03-24T16:49:01.003635,
2025-05-28,,,,,,,,,,,,,,25928.39,,,2026-03-24T16:49:01.005510,
2025-05-29,,,,,,,,,,,,,,25968.63,,,2026-03-24T16:49:01.007480,
2025-05-30,,,,,,,,,,,,,,26016.65,,,2026-03-24T16:49:01.009850,
2025-05-31,,,,,,,,,,,,,,26027.78,,,2026-03-24T16:49:01.012262,
2025-06-01,,,,,,,,,,,,,,26029.83,,,2026-03-24T16:49:01.014410,
2025-06-02,,,,,,,,,,,,,,26031.01,,,2026-03-24T16:49:01.016807,
2025-06-03,,,,,,,,,,,,,,26038.13,,,2026-03-24T16:49:01.018614,
2025-06-04,,,,,,,,,,,,,,26066.26,,,2026-03-24T16:49:01.020543,
2025-06-05,,,,,,,,,,,,,,26093.38,,,2026-03-24T16:49:01.022789,
2025-06-06,,,,,,,,,,,,,,26084.39,,,2026-03-24T16:49:01.024632,
2025-06-07,,,,,,,,,,,,,,26070.97,,,2026-03-24T16:49:01.026460,
2025-06-08,,,,,,,,,,,,,,26065.22,,,2026-03-24T16:49:01.028284,
2025-06-09,,,,,,,,,,,,,,26063.05,,,2026-03-24T16:49:01.030551,
2025-06-10,,,,,,,,,,,,,,26052.54,,,2026-03-24T16:49:01.032344,
2025-06-11,,,,,,,,,,,,,,26012.87,,,2026-03-24T16:49:01.034196,
2025-06-12,,,,,,,,,,,,,,26033.66,,,2026-03-24T16:49:01.036333,
2025-06-13,,,,,,,,,,,,,,26045.31,,,2026-03-24T16:49:01.038242,
2025-06-14,,,,,,,,,,,,,,26083.93,,,2026-03-24T16:49:01.040205,
2025-06-15,,,,,,,,,,,,,,26083.5,,,2026-03-24T16:49:01.042286,
2025-06-16,,,,,,,,,,,,,,26076.47,,,2026-03-24T16:49:01.044171,
2025-06-17,,,,,,,,,,,,,,26066.74,,,2026-03-24T16:49:01.046160,
2025-06-18,,,,,,,,,,,,,,26079.58,,,2026-03-24T16:49:01.048290,
2025-06-19,,,,,,,,,,,,,,26103.47,,,2026-03-24T16:49:01.050172,
2025-06-20,,,,,,,,,,,,,,26128.22,,,2026-03-24T16:49:01.052069,
2025-06-21,,,,,,,,,,,,,,26127.16,,,2026-03-24T16:49:01.056535,
2025-06-22,,,,,,,,,,,,,,26131.35,,,2026-03-24T16:49:01.058380,
2025-06-23,,,,,,,,,,,,,,26131.32,,,2026-03-24T16:49:01.060216,
2025-06-24,,,,,,,,,,,,,,26223.8,,,2026-03-24T16:49:01.062117,
2025-06-25,,,,,,,,,,,,,,26175.25,,,2026-03-24T16:49:01.064307,
2025-06-26,,,,,,,,,,,,,,26166.64,,,2026-03-24T16:49:01.066207,
2025-06-27,,,,,,,,,,,,,,26128.97,,,2026-03-24T16:49:01.068107,
2025-06-28,,,,,,,,,,,,,,26103.79,,,2026-03-24T16:49:01.070244,
2025-06-29,,,,,,,,,,,,,,26102.18,,,2026-03-24T16:49:01.072272,
2025-06-30,,,,,,,,,,,,,,26098.19,,,2026-03-24T16:49:01.074223,
2025-07-01,,,,,,,,,,,,,,26125.33,,,2026-03-24T16:49:01.076450,
2025-07-02,,,,,,,,,,,,,,26132.31,,,2026-03-24T16:49:01.078357,
2025-07-03,,,,,,,,,,,,,,26178.63,,,2026-03-24T16:49:01.080203,
2025-07-04,,,,,,,,,,,,,,26207.31,,,2026-03-24T16:49:01.082088,
2025-07-05,,,,,,,,,,,,,,26175.0,,,2026-03-24T16:49:01.083930,
2025-07-06,,,,,,,,,,,,,,26173.7,,,2026-03-24T16:49:01.085955,
2025-07-07,,,,,,,,,,,,,,26180.31,,,2026-03-24T16:49:01.087876,
2025-07-08,,,,,,,,,,,,,,26147.45,,,2026-03-24T16:49:01.089991,
2025-07-09,,,,,,,,,,,,,,26133.12,,,2026-03-24T16:49:01.092043,
2025-07-10,,,,,,,,,,,,,,26143.33,,,2026-03-24T16:49:01.093932,
2025-07-11,,,,,,,,,,,,,,26113.6,,,2026-03-24T16:49:01.095847,
2025-07-12,,,,,,,,,,,,,,26120.71,,,2026-03-24T16:49:01.097797,
2025-07-13,,,,,,,,,,,,,,26120.21,,,2026-03-24T16:49:01.099743,
2025-07-14,,,,,,,,,,,,,,26122.28,,,2026-03-24T16:49:01.101589,
2025-07-15,,,,,,,,,,,,,,26123.11,,,2026-03-24T16:49:01.103571,
2025-07-16,,,,,,,,,,,,,,26137.81,,,2026-03-24T16:49:01.105541,
2025-07-17,,,,,,,,,,,,,,26168.27,,,2026-03-24T16:49:01.107434,
2025-07-18,,,,,,,,,,,,,,26160.55,,,2026-03-24T16:49:01.109310,
2025-07-19,,,,,,,,,,,,,,26174.29,,,2026-03-24T16:49:01.111531,
2025-07-20,,,,,,,,,,,,,,26172.48,,,2026-03-24T16:49:01.113356,
2025-07-21,,,,,,,,,,,,,,26166.41,,,2026-03-24T16:49:01.115464,
2025-07-22,,,,,,,,,,,,,,26165.98,,,2026-03-24T16:49:01.117396,
2025-07-23,,,,,,,,,,,,,,26156.52,,,2026-03-24T16:49:01.119616,
2025-07-24,,,,,,,,,,,,,,26156.94,,,2026-03-24T16:49:01.122107,
2025-07-25,,,,,,,,,,,,,,26147.55,,,2026-03-24T16:49:01.123973,
2025-07-26,,,,,,,,,,,,,,26144.28,,,2026-03-24T16:49:01.125995,
2025-07-27,,,,,,,,,,,,,,26149.82,,,2026-03-24T16:49:01.128006,
2025-07-28,,,,,,,,,,,,,,26153.74,,,2026-03-24T16:49:01.130181,
2025-07-29,,,,,,,,,,,,,,26204.91,,,2026-03-24T16:49:01.132126,
2025-07-30,,,,,,,,,,,,,,26213.59,,,2026-03-24T16:49:01.134067,
2025-07-31,,,,,,,,,,,,,,26199.45,,,2026-03-24T16:49:01.135962,
2025-08-01,,,,,,,,,,,,,,26194.76,,,2026-03-24T16:49:01.137980,
2025-08-02,,,,,,,,,,,,,,26207.57,,,2026-03-24T16:49:01.139992,
2025-08-03,,,,,,,,,,,,,,26212.7,,,2026-03-24T16:49:01.141978,
2025-08-04,,,,,,,,,,,,,,26219.92,,,2026-03-24T16:49:01.143943,
2025-08-05,,,,,,,,,,,,,,26172.44,,,2026-03-24T16:49:01.145921,
2025-08-06,,,,,,,,,,,,,,26241.1,,,2026-03-24T16:49:01.147926,
2025-08-07,,,,,,,,,,,,,,26239.72,,,2026-03-24T16:49:01.149855,
2025-08-08,,,,,,,,,,,,,,26215.96,,,2026-03-24T16:49:01.151797,
2025-08-09,,,,,,,,,,,,,,26223.46,,,2026-03-24T16:49:01.153773,
2025-08-10,,,,,,,,,,,,,,26227.08,,,2026-03-24T16:49:01.155748,
2025-08-11,,,,,,,,,,,,,,26224.23,,,2026-03-24T16:49:01.157829,
2025-08-12,,,,,,,,,,,,,,26232.5,,,2026-03-24T16:49:01.159763,
2025-08-13,,,,,,,,,,,,,,26242.9,,,2026-03-24T16:49:01.161657,
2025-08-14,,,,,,,,,,,,,,26286.41,,,2026-03-24T16:49:01.163594,
2025-08-15,,,,,,,,,,,,,,26278.58,,,2026-03-24T16:49:01.165487,
2025-08-16,,,,,,,,,,,,,,26288.05,,,2026-03-24T16:49:01.167506,
2025-08-17,,,,,,,,,,,,,,26286.44,,,2026-03-24T16:49:01.169421,
2025-08-18,,,,,,,,,,,,,,26287.73,,,2026-03-24T16:49:01.171365,
2025-08-19,,,,,,,,,,,,,,26303.24,,,2026-03-24T16:49:01.173299,
2025-08-20,,,,,,,,,,,,,,26309.55,,,2026-03-24T16:49:01.175289,
2025-08-21,,,,,,,,,,,,,,26362.08,,,2026-03-24T16:49:01.177405,
2025-08-22,,,,,,,,,,,,,,26428.16,,,2026-03-24T16:49:01.179335,
2025-08-23,,,,,,,,,,,,,,26333.31,,,2026-03-24T16:49:01.181265,
2025-08-24,,,,,,,,,,,,,,26332.02,,,2026-03-24T16:49:01.183295,
2025-08-25,,,,,,,,,,,,,,26348.95,,,2026-03-24T16:49:01.185295,
2025-08-26,,,,,,,,,,,,,,26310.33,,,2026-03-24T16:49:01.187299,
2025-08-27,,,,,,,,,,,,,,26372.82,,,2026-03-24T16:49:01.189283,
2025-08-28,,,,,,,,,,,,,,26381.05,,,2026-03-24T16:49:01.191395,
2025-08-29,,,,,,,,,,,,,,26377.9,,,2026-03-24T16:49:01.193416,
2025-08-30,,,,,,,,,,,,,,26350.75,,,2026-03-24T16:49:01.195306,
2025-08-31,,,,,,,,,,,,,,26350.55,,,2026-03-24T16:49:01.197345,
2025-09-01,,,,,,,,,,,,,,26347.73,,,2026-03-24T16:49:01.199287,
2025-09-02,,,,,,,,,,,,,,26345.65,,,2026-03-24T16:49:01.201251,
2025-09-03,,,,,,,,,,,,,,26343.97,,,2026-03-24T16:49:01.203225,
2025-09-04,,,,,,,,,,,,,,26398.82,,,2026-03-24T16:49:01.205216,
2025-09-05,,,,,,,,,,,,,,26392.3,,,2026-03-24T16:49:01.207169,
2025-09-06,,,,,,,,,,,,,,26407.5,,,2026-03-24T16:49:01.209106,
2025-09-07,,,,,,,,,,,,,,26412.64,,,2026-03-24T16:49:01.211119,
2025-09-08,,,,,,,,,,,,,,26403.24,,,2026-03-24T16:49:01.213001,
2025-09-09,,,,,,,,,,,,,,26414.63,,,2026-03-24T16:49:01.214934,
2025-09-10,,,,,,,,,,,,,,26390.12,,,2026-03-24T16:49:01.216874,
2025-09-11,,,,,,,,,,,,,,26403.51,,,2026-03-24T16:49:01.218786,
2025-09-12,,,,,,,,,,,,,,26412.49,,,2026-03-24T16:49:01.220795,
2025-09-13,,,,,,,,,,,,,,26402.51,,,2026-03-24T16:49:01.222709,
2025-09-14,,,,,,,,,,,,,,26400.27,,,2026-03-24T16:49:01.224608,
2025-09-15,,,,,,,,,,,,,,26402.36,,,2026-03-24T16:49:01.226477,
2025-09-16,,,,,,,,,,,,,,26393.45,,,2026-03-24T16:49:01.228391,
2025-09-17,,,,,,,,,,,,,,26389.75,,,2026-03-24T16:49:01.230310,
2025-09-18,,,,,,,,,,,,,,26383.44,,,2026-03-24T16:49:01.232265,
2025-09-19,,,,,,,,,,,,,,26394.35,,,2026-03-24T16:49:01.234272,
2025-09-20,,,,,,,,,,,,,,26396.81,,,2026-03-24T16:49:01.236694,
2025-09-21,,,,,,,,,,,,,,26397.15,,,2026-03-24T16:49:01.239081,
2025-09-22,,,,,,,,,,,,,,26395.8,,,2026-03-24T16:49:01.240950,
2025-09-23,,,,,,,,,,,,,,26429.02,,,2026-03-24T16:49:01.242873,
2025-09-24,,,,,,,,,,,,,,26422.04,,,2026-03-24T16:49:01.244770,
2025-09-25,,,,,,,,,,,,,,26428.88,,,2026-03-24T16:49:01.246646,
2025-09-26,,,,,,,,,,,,,,26414.81,,,2026-03-24T16:49:01.248567,
2025-09-27,,,,,,,,,,,,,,26420.76,,,2026-03-24T16:49:01.250549,
2025-09-28,,,,,,,,,,,,,,26417.99,,,2026-03-24T16:49:01.252465,
2025-09-29,,,,,,,,,,,,,,26418.08,,,2026-03-24T16:49:01.254449,
2025-09-30,,,,,,,,,,,,,,26433.32,,,2026-03-24T16:49:01.256403,
2025-10-01,,,,,,,,,,,,,,26427.55,,,2026-03-24T16:49:01.258471,
2025-10-02,,,,,,,,,,,,,,26421.83,,,2026-03-24T16:49:01.260425,
2025-10-03,,,,,,,,,,,,,,26408.96,,,2026-03-24T16:49:01.264412,
2025-10-04,,,,,,,,,,,,,,26399.58,,,2026-03-24T16:49:01.266449,
2025-10-05,,,,,,,,,,,,,,26394.37,,,2026-03-24T16:49:01.268523,
2025-10-06,,,,,,,,,,,,,,26390.67,,,2026-03-24T16:49:01.270480,
2025-10-07,,,,,,,,,,,,,,26372.78,,,2026-03-24T16:49:01.272661,
2025-10-08,,,,,,,,,,,,,,26371.13,,,2026-03-24T16:49:01.275000,
2025-10-09,,,,,,,,,,,,,,26366.4,,,2026-03-24T16:49:01.277156,
2025-10-10,,,,,,,,,,,,,,26361.02,,,2026-03-24T16:49:01.279431,
2025-10-11,,,,,,,,,,,,,,26384.78,,,2026-03-24T16:49:01.281524,
2025-10-12,,,,,,,,,,,,,,26381.96,,,2026-03-24T16:49:01.283471,
2025-10-13,,,,,,,,,,,,,,26371.86,,,2026-03-24T16:49:01.285500,
2025-10-14,,,,,,,,,,,,,,26374.52,,,2026-03-24T16:49:01.287533,
2025-10-15,,,,,,,,,,,,,,26372.97,,,2026-03-24T16:49:01.289464,
2025-10-16,,,,,,,,,,,,,,26359.79,,,2026-03-24T16:49:01.291424,
2025-10-17,,,,,,,,,,,,,,26348.35,,,2026-03-24T16:49:01.293377,
2025-10-18,,,,,,,,,,,,,,26361.62,,,2026-03-24T16:49:01.295276,
2025-10-19,,,,,,,,,,,,,,26358.21,,,2026-03-24T16:49:01.297258,
2025-10-20,,,,,,,,,,,,,,26358.77,,,2026-03-24T16:49:01.299265,
2025-10-21,,,,,,,,,,,,,,26357.25,,,2026-03-24T16:49:01.301235,
2025-10-22,,,,,,,,,,,,,,26354.22,,,2026-03-24T16:49:01.303267,
2025-10-23,,,,,,,,,,,,,,26356.31,,,2026-03-24T16:49:01.305249,
2025-10-24,,,,,,,,,,,,,,26341.16,,,2026-03-24T16:49:01.307300,
2025-10-25,,,,,,,,,,,,,,26312.44,,,2026-03-24T16:49:01.309303,
2025-10-26,,,,,,,,,,,,,,26311.86,,,2026-03-24T16:49:01.311281,
2025-10-27,,,,,,,,,,,,,,26310.06,,,2026-03-24T16:49:01.313264,
2025-10-28,,,,,,,,,,,,,,26309.42,,,2026-03-24T16:49:01.315250,
2025-10-29,,,,,,,,,,,,,,26328.57,,,2026-03-24T16:49:01.317265,
2025-10-30,,,,,,,,,,,,,,26344.39,,,2026-03-24T16:49:01.319233,
2025-10-31,,,,,,,,,,,,,,26333.48,,,2026-03-24T16:49:01.321179,
2025-11-01,,,,,,,,,,,,,,26308.72,,,2026-03-24T16:49:01.323222,
2025-11-02,,,,,,,,,,,,,,26311.89,,,2026-03-24T16:49:01.325246,
2025-11-03,,,,,,,,,,,,,,26317.13,,,2026-03-24T16:49:01.327195,
2025-11-04,,,,,,,,,,,,,,26310.51,,,2026-03-24T16:49:01.329290,
2025-11-05,,,,,,,,,,,,,,26316.28,,,2026-03-24T16:49:01.331735,
2025-11-06,,,,,,,,,,,,,,26324.36,,,2026-03-24T16:49:01.333792,
2025-11-07,,,,,,,,,,,,,,26314.53,,,2026-03-24T16:49:01.335707,
2025-11-08,,,,,,,,,,,,,,26304.54,,,2026-03-24T16:49:01.337617,
2025-11-09,,,,,,,,,,,,,,26307.21,,,2026-03-24T16:49:01.339495,
2025-11-10,,,,,,,,,,,,,,26302.28,,,2026-03-24T16:49:01.341457,
2025-11-11,,,,,,,,,,,,,,26288.05,,,2026-03-24T16:49:01.343432,
2025-11-12,,,,,,,,,,,,,,26292.88,,,2026-03-24T16:49:01.345392,
2025-11-13,,,,,,,,,,,,,,26324.73,,,2026-03-24T16:49:01.347300,
2025-11-14,,,,,,,,,,,,,,26312.96,,,2026-03-24T16:49:01.349235,
2025-11-15,,,,,,,,,,,,,,26345.53,,,2026-03-24T16:49:01.351786,
2025-11-16,,,,,,,,,,,,,,26344.04,,,2026-03-24T16:49:01.353781,
2025-11-17,,,,,,,,,,,,,,26332.55,,,2026-03-24T16:49:01.355696,
2025-11-18,,,,,,,,,,,,,,26327.62,,,2026-03-24T16:49:01.357621,
2025-11-19,,,,,,,,,,,,,,26369.49,,,2026-03-24T16:49:01.360101,
2025-11-20,,,,,,,,,,,,,,26355.46,,,2026-03-24T16:49:01.361978,
2025-11-21,,,,,,,,,,,,,,26346.0,,,2026-03-24T16:49:01.363917,
2025-11-22,,,,,,,,,,,,,,26342.52,,,2026-03-24T16:49:01.365850,
2025-11-23,,,,,,,,,,,,,,26343.42,,,2026-03-24T16:49:01.367778,
2025-11-24,,,,,,,,,,,,,,26348.61,,,2026-03-24T16:49:01.369659,
2025-11-25,,,,,,,,,,,,,,26378.97,,,2026-03-24T16:49:01.371581,
2025-11-26,,,,,,,,,,,,,,26363.87,,,2026-03-24T16:49:01.373518,
2025-11-27,,,,,,,,,,,,,,26373.73,,,2026-03-24T16:49:01.375465,
2025-11-28,,,,,,,,,,,,,,26374.76,,,2026-03-24T16:49:01.377474,
2025-11-29,,,,,,,,,,,,,,26366.99,,,2026-03-24T16:49:01.379477,
2025-11-30,,,,,,,,,,,,,,26369.87,,,2026-03-24T16:49:01.381439,
2025-12-01,,,,,,,,,,,,,,26369.18,,,2026-03-24T16:49:01.383368,
2025-12-02,,,,,,,,,,,,,,26376.26,,,2026-03-24T16:49:01.385308,
2025-12-03,,,,,,,,,,,,,,26386.58,,,2026-03-24T16:49:01.387262,
2025-12-04,,,,,,,,,,,,,,26379.59,,,2026-03-24T16:49:01.389284,
2025-12-05,,,,,,,,,,,,,,26379.59,,,2026-03-24T16:49:01.391287,
2025-12-06,,,,,,,,,,,,,,26370.71,,,2026-03-24T16:49:01.393453,
2025-12-07,,,,,,,,,,,,,,26372.08,,,2026-03-24T16:49:01.395459,
2025-12-08,,,,,,,,,,,,,,26367.46,,,2026-03-24T16:49:01.397379,
2025-12-09,,,,,,,,,,,,,,26363.8,,,2026-03-24T16:49:01.399371,
2025-12-10,,,,,,,,,,,,,,26363.16,,,2026-03-24T16:49:01.401303,
2025-12-11,,,,,,,,,,,,,,26362.86,,,2026-03-24T16:49:01.403293,
2025-12-12,,,,,,,,,,,,,,26331.3,,,2026-03-24T16:49:01.405278,
2025-12-13,,,,,,,,,,,,,,26310.88,,,2026-03-24T16:49:01.407252,
2025-12-14,,,,,,,,,,,,,,26310.22,,,2026-03-24T16:49:01.409212,
2025-12-15,,,,,,,,,,,,,,26310.28,,,2026-03-24T16:49:01.411138,
2025-12-16,,,,,,,,,,,,,,26321.52,,,2026-03-24T16:49:01.413099,
2025-12-17,,,,,,,,,,,,,,26327.23,,,2026-03-24T16:49:01.415010,
2025-12-18,,,,,,,,,,,,,,26327.85,,,2026-03-24T16:49:01.416979,
2025-12-19,,,,,,,,,,,,,,26322.9,,,2026-03-24T16:49:01.418961,
2025-12-20,,,,,,,,,,,,,,26301.9,,,2026-03-24T16:49:01.420935,
2025-12-21,,,,,,,,,,,,,,26308.72,,,2026-03-24T16:49:01.422863,
2025-12-22,,,,,,,,,,,,,,26306.82,,,2026-03-24T16:49:01.424823,
2025-12-23,,,,,,,,,,,,,,26324.58,,,2026-03-24T16:49:01.426698,
2025-12-24,,,,,,,,,,,,,,26316.8,,,2026-03-24T16:49:01.428612,
2025-12-25,,,,,,,,,,,,,,26306.96,,,2026-03-24T16:49:01.430557,
2025-12-26,,,,,,,,,,,,,,26306.6,,,2026-03-24T16:49:01.432614,
2025-12-27,,,,,,,,,,,,,,26274.94,,,2026-03-24T16:49:01.434709,
2025-12-28,,,,,,,,,,,,,,26277.63,,,2026-03-24T16:49:01.437004,
2025-12-29,,,,,,,,,,,,,,26275.55,,,2026-03-24T16:49:01.439006,
2025-12-30,,,,,,,,,,,,,,26256.18,,,2026-03-24T16:49:01.440971,
2025-12-31,,,,,,,,,,,,,,26241.67,,,2026-03-24T16:49:01.442954,
2026-01-01,,,,,,,,,,,,,,26264.07,,,2026-03-24T16:49:01.444953,
2026-01-02,,,,,,,,,,,,,,26268.72,,,2026-03-24T16:49:01.446883,
2026-01-03,,,,,,,,,,,,,,26287.93,,,2026-03-24T16:49:01.448809,
2026-01-04,,,,,,,,,,,,,,26289.34,,,2026-03-24T16:49:01.450783,
2026-01-05,,,,,,,,,,,,,,26288.25,,,2026-03-24T16:49:01.452670,
2026-01-06,,,,,,,,,,,,,,26273.34,,,2026-03-24T16:49:01.454583,
2026-01-07,,,,,,,,,,,,,,26265.41,,,2026-03-24T16:49:01.456595,
2026-01-08,,,,,,,,,,,,,,26251.21,,,2026-03-24T16:49:01.458676,
2026-01-09,,,,,,,,,,,,,,26257.84,,,2026-03-24T16:49:01.460594,
2026-01-10,,,,,,,,,,,,,,26230.54,,,2026-03-24T16:49:01.462500,
2026-01-11,,,,,,,,,,,,,,26231.12,,,2026-03-24T16:49:01.464450,
2026-01-12,,,,,,,,,,,,,,26236.05,,,2026-03-24T16:49:01.466381,
2026-01-13,,,,,,,,,,,,,,26245.57,,,2026-03-24T16:49:01.468400,
2026-01-14,,,,,,,,,,,,,,26272.74,,,2026-03-24T16:49:01.473056,
2026-01-15,,,,,,,,,,,,,,26276.83,,,2026-03-24T16:49:01.475643,
2026-01-16,,,,,,,,,,,,,,26260.17,,,2026-03-24T16:49:01.478187,
2026-01-17,,,,,,,,,,,,,,26263.85,,,2026-03-24T16:49:01.480799,
2026-01-18,,,,,,,,,,,,,,26265.57,,,2026-03-24T16:49:01.482746,
2026-01-19,,,,,,,,,,,,,,26264.62,,,2026-03-24T16:49:01.484694,
2026-01-20,,,,,,,,,,,,,,26247.13,,,2026-03-24T16:49:01.486621,
2026-01-21,,,,,,,,,,,,,,26235.96,,,2026-03-24T16:49:01.488589,
2026-01-22,,,,,,,,,,,,,,26242.16,,,2026-03-24T16:49:01.490493,
2026-01-23,,,,,,,,,,,,,,26245.89,,,2026-03-24T16:49:01.492464,
2026-01-24,,,,,,,,,,,,,,26211.23,,,2026-03-24T16:49:01.494446,
2026-01-25,,,,,,,,,,,,,,26205.4,,,2026-03-24T16:49:01.496432,
2026-01-26,,,,,,,,,,,,,,26219.51,,,2026-03-24T16:49:01.498398,
2026-01-27,,,,,,,,,,,,,,26157.5,,,2026-03-24T16:49:01.500352,
2026-01-28,,,,,,,,,,,,,,26099.33,,,2026-03-24T16:49:01.502297,
2026-01-29,,,,,,,,,,,,,,26027.41,,,2026-03-24T16:49:01.504251,
2026-01-30,,,,,,,,,,,,,,25965.08,,,2026-03-24T16:49:01.506245,
2026-01-31,,,,,,,,,,,,,,25856.75,,,2026-03-24T16:49:01.508213,
2026-02-01,,,,,,,,,,,,,,25867.8,,,2026-03-24T16:49:01.510140,
2026-02-02,,,,,,,,,,,,,,25912.96,,,2026-03-24T16:49:01.512113,
2026-02-03,,,,,,,,,,,,,,25997.24,,,2026-03-24T16:49:01.514071,
2026-02-04,,,,,,,,,,,,,,25967.67,,,2026-03-24T16:49:01.515958,
2026-02-05,,,,,,,,,,,,,,25931.18,,,2026-03-24T16:49:01.518070,
2026-02-06,,,,,,,,,,,,,,25907.74,,,2026-03-24T16:49:01.520069,
2026-02-07,,,,,,,,,,,,,,25939.14,,,2026-03-24T16:49:01.522102,
2026-02-08,,,,,,,,,,,,,,25940.22,,,2026-03-24T16:49:01.524000,
2026-02-09,,,,,,,,,,,,,,25937.54,,,2026-03-24T16:49:01.526040,
2026-02-10,,,,,,,,,,,,,,25909.19,,,2026-03-24T16:49:01.528011,
2026-02-11,,,,,,,,,,,,,,25876.98,,,2026-03-24T16:49:01.529995,
2026-02-12,,,,,,,,,,,,,,25982.36,,,2026-03-24T16:49:01.532014,
2026-02-13,,,,,,,,,,,,,,25943.58,,,2026-03-24T16:49:01.533990,
2026-02-14,,,,,,,,,,,,,,25957.71,,,2026-03-24T16:49:01.536147,
2026-02-15,,,,,,,,,,,,,,25961.36,,,2026-03-24T16:49:01.538137,
2026-02-16,,,,,,,,,,,,,,25960.12,,,2026-03-24T16:49:01.540127,
2026-02-17,,,,,,,,,,,,,,25961.14,,,2026-03-24T16:49:01.542220,
2026-02-18,,,,,,,,,,,,,,25961.82,,,2026-03-24T16:49:01.544279,
2026-02-19,,,,,,,,,,,,,,25961.96,,,2026-03-24T16:49:01.546448,
2026-02-20,,,,,,,,,,,,,,25962.04,,,2026-03-24T16:49:01.548524,
2026-02-21,,,,,,,,,,,,,,25959.89,,,2026-03-24T16:49:01.550532,
2026-02-22,,,,,,,,,,,,,,25964.07,,,2026-03-24T16:49:01.552538,
2026-02-23,,,,,,,,26829.0,26709.0,,,,,25960.66,,,2026-03-24T16:49:08.185114,
2026-02-24,,,,,,,,26858.0,26738.0,,,,,26095.51,,,2026-03-24T16:49:08.191772,
2026-02-25,,,,,,,,26786.0,26666.0,,,,,26196.69,,,2026-03-24T16:49:08.193956,
2026-02-26,,,,,,,,26527.0,26407.0,,,,,26104.3,,,2026-03-24T16:49:08.196066,
2026-02-27,,,,,,,,26570.0,26450.0,,,,,26076.88,,,2026-03-24T16:49:08.198274,
2026-02-28,,,,,,,,26550.0,26430.0,,,,,26045.99,,,2026-03-24T16:49:08.200789,
2026-03-01,,,,,,,,26550.0,26430.0,,,,,26054.24,,,2026-03-24T16:49:08.203109,
2026-03-02,,,,,,,,26693.0,26573.0,,,,,26046.33,,,2026-03-24T16:49:08.205430,
2026-03-03,,,,,,,,26777.0,26657.0,,,,,26165.25,,,2026-03-24T16:49:08.207658,
2026-03-04,,,,,,,,26854.0,26734.0,,,,,26199.55,,,2026-03-24T16:49:08.209892,
2026-03-05,,,,,,,,26864.0,26744.0,,,,,26173.38,,,2026-03-24T16:49:08.214267,
2026-03-06,,,,,,,,26867.0,26747.0,,,,,26216.61,,,2026-03-24T16:49:08.216606,
2026-03-07,,,,,,,,26828.0,26688.0,,,,,26218.2,,,2026-03-24T16:49:08.218822,
2026-03-08,,,,,,,,26828.0,26688.0,,,,,26218.72,,,2026-03-24T16:49:08.221078,
2026-03-09,,,,,,,,27041.0,26921.0,,,,,26219.75,,,2026-03-24T16:49:08.223294,
2026-03-10,,,,,,,,27064.0,26944.0,,,,,26278.59,,,2026-03-24T16:49:08.225633,
2026-03-11,,,,,,,,26905.0,26785.0,,,,,26233.39,,,2026-03-24T16:49:08.227837,
2026-03-12,,,,,,,,26860.0,26740.0,,,,,26254.97,,,2026-03-24T16:49:08.230171,
2026-03-13,,,,,,,,27011.0,26891.0,,,,,26273.1,,,2026-03-24T16:49:08.232427,
2026-03-14,,,,,,,,27051.0,26911.0,,,,,26297.41,,,2026-03-24T16:49:08.234744,
2026-03-15,,,,,,,,27051.0,26911.0,,,,,26298.77,,,2026-03-24T16:49:08.236977,
2026-03-16,,,,,,,,27112.0,26992.0,,,,,26297.93,,,2026-03-24T16:49:08.238976,
2026-03-17,,,,,,,,26993.0,26873.0,,,,,26285.52,,,2026-03-24T16:49:08.240902,
2026-03-18,,,,,,,,26814.0,26674.0,,,,,26299.63,,,2026-03-24T16:49:08.242901,
2026-03-19,,,,,,,,27080.0,26940.0,,,,,26312.13,,,2026-03-24T16:49:08.244911,
2026-03-20,,,,,,,,27096.0,26976.0,,,,,26308.35,,,2026-03-24T16:49:08.246888,
2026-03-21,,,,,,,,27307.0,27167.0,,,,,26309.68,,,2026-03-24T16:49:08.248972,
2026-03-22,,,,,,,,27307.0,27167.0,,,,,26307.1,,,2026-03-24T16:49:08.251070,
2026-03-23,,,,,,,,27356.0,27226.0,,,,,26306.03,,,2026-03-24T16:49:08.252953,
2026-03-24,27930.0,27980.0,,,,,,27204.0,27084.0,,,27955.0,27966.0,26349.0,26275.89,6.3903,2026-03-24T16:50:23.746858,
